{
  "schema_version": 1,
  "mode": "cv",
  "algo": "xgb",
  "model_kwargs": {
    "n_estimators": 15
  },
  "n_splits": 5,
  "acc_mean": 0.8080785889146945,
  "acc_std": 0.012538248683368952,
  "roc_mean": 0.8693852418220069,
  "roc_std": 0.020272569716131884,
  "prec_mean": 0.8864123652864435,
  "prec_std": 0.03712479947095055,
  "rec_mean": 0.576086956521739,
  "rec_std": 0.04852057037586222,
  "f1_mean": 0.6962626716202809,
  "f1_std": 0.02973860883322139,
  "fold_acc": [
    0.8100558659217877,
    0.8033707865168539,
    0.7865168539325843,
    0.8202247191011236,
    0.8202247191011236
  ],
  "fold_roc": [
    0.8973649538866929,
    0.8707887700534759,
    0.850066844919786,
    0.8437834224598929,
    0.8849222177901874
  ],
  "fold_prec": [
    0.926829268292683,
    0.8666666666666667,
    0.875,
    0.8333333333333334,
    0.9302325581395349
  ],
  "fold_rec": [
    0.5507246376811594,
    0.5735294117647058,
    0.5147058823529411,
    0.6617647058823529,
    0.5797101449275363
  ],
  "fold_f1": [
    0.6909090909090909,
    0.6902654867256637,
    0.6481481481481481,
    0.7377049180327869,
    0.7142857142857143
  ],
  "seed": 42,
  "timestamp": "2025-09-23 14:21:01"
}