{
  "schema_version": 1,
  "mode": "cv",
  "n_splits": 5,
  "acc_mean": 0.7968740192078337,
  "acc_std": 0.01456733331525481,
  "roc_mean": 0.8513981884591237,
  "roc_std": 0.022470672500801956,
  "prec_mean": 0.7547281330780817,
  "prec_std": 0.03342809224843615,
  "rec_mean": 0.7015771526001705,
  "rec_std": 0.040109309416089846,
  "f1_mean": 0.7257926039978063,
  "f1_std": 0.020867855041679605,
  "fold_acc": [
    0.7821229050279329,
    0.8033707865168539,
    0.797752808988764,
    0.7808988764044944,
    0.8202247191011236
  ],
  "fold_roc": [
    0.8741106719367588,
    0.8501336898395722,
    0.8266711229946525,
    0.8266711229946524,
    0.8794043345299828
  ],
  "fold_prec": [
    0.7205882352941176,
    0.7704918032786885,
    0.7962962962962963,
    0.7101449275362319,
    0.7761194029850746
  ],
  "fold_rec": [
    0.7101449275362319,
    0.6911764705882353,
    0.6323529411764706,
    0.7205882352941176,
    0.7536231884057971
  ],
  "fold_f1": [
    0.7153284671532847,
    0.7286821705426356,
    0.7049180327868853,
    0.7153284671532847,
    0.7647058823529411
  ],
  "seed": 42,
  "timestamp": "2025-09-10 17:25:56"
}