{
  "schema_version": 1,
  "mode": "cv",
  "n_splits": 10,
  "acc_mean": 0.8024469413233458,
  "acc_std": 0.028645589422741112,
  "roc_mean": 0.8540227201991908,
  "roc_std": 0.045007577618716446,
  "prec_mean": 0.7666981852542196,
  "prec_std": 0.044550732493519395,
  "rec_mean": 0.7015126050420168,
  "rec_std": 0.0735232170259662,
  "f1_mean": 0.7300821903192592,
  "f1_std": 0.04631234156633299,
  "fold_acc": [
    0.8222222222222222,
    0.7528089887640449,
    0.7752808988764045,
    0.8314606741573034,
    0.7752808988764045,
    0.8202247191011236,
    0.7752808988764045,
    0.8202247191011236,
    0.8426966292134831,
    0.8089887640449438
  ],
  "fold_roc": [
    0.9142857142857143,
    0.841711229946524,
    0.7973262032085562,
    0.908288770053476,
    0.786096256684492,
    0.8687165775401068,
    0.8352941176470589,
    0.8213903743315508,
    0.9176470588235294,
    0.8494708994708995
  ],
  "fold_prec": [
    0.7567567567567568,
    0.7,
    0.71875,
    0.8275862068965517,
    0.7916666666666666,
    0.8,
    0.6944444444444444,
    0.8,
    0.7777777777777778,
    0.8
  ],
  "fold_rec": [
    0.8,
    0.6176470588235294,
    0.6764705882352942,
    0.7058823529411765,
    0.5588235294117647,
    0.7058823529411765,
    0.7352941176470589,
    0.7058823529411765,
    0.8235294117647058,
    0.6857142857142857
  ],
  "fold_f1": [
    0.7777777777777778,
    0.65625,
    0.696969696969697,
    0.7619047619047619,
    0.6551724137931034,
    0.75,
    0.7142857142857143,
    0.75,
    0.8,
    0.7384615384615385
  ],
  "seed": 42,
  "timestamp": "2025-09-12 12:18:48"
}