{
  "schema_version": 1,
  "mode": "cv",
  "algo": "xgb",
  "model_kwargs": {
    "n_estimators": 300
  },
  "n_splits": 5,
  "acc_mean": 0.8361182599962337,
  "acc_std": 0.018073215730316353,
  "roc_mean": 0.8804894886119221,
  "roc_std": 0.024411712125890217,
  "prec_mean": 0.8140198087431694,
  "prec_std": 0.026633243373039985,
  "rec_mean": 0.7426257459505541,
  "rec_std": 0.027752143261085747,
  "f1_mean": 0.7765896521373176,
  "f1_std": 0.025972968667925665,
  "fold_acc": [
    0.8547486033519553,
    0.848314606741573,
    0.8033707865168539,
    0.8314606741573034,
    0.8426966292134831
  ],
  "fold_roc": [
    0.910737812911726,
    0.902139037433155,
    0.8423128342245989,
    0.8689171122994652,
    0.8783406461906663
  ],
  "fold_prec": [
    0.8412698412698413,
    0.8253968253968254,
    0.7704918032786885,
    0.796875,
    0.8360655737704918
  ],
  "fold_rec": [
    0.7681159420289855,
    0.7647058823529411,
    0.6911764705882353,
    0.75,
    0.7391304347826086
  ],
  "fold_f1": [
    0.803030303030303,
    0.7938931297709924,
    0.7286821705426356,
    0.7727272727272727,
    0.7846153846153846
  ],
  "seed": 42,
  "timestamp": "2025-09-23 13:35:08"
}