{
  "schema_version": 1,
  "mode": "cv",
  "algo": "xgb",
  "model_kwargs": {
    "n_estimators": 200
  },
  "n_splits": 5,
  "acc_mean": 0.8327474734793799,
  "acc_std": 0.020087045300324402,
  "roc_mean": 0.8796311077645695,
  "roc_std": 0.023084810497235615,
  "prec_mean": 0.8160363221979955,
  "prec_std": 0.026276112759099034,
  "rec_mean": 0.7279624893435634,
  "rec_std": 0.03617984327415545,
  "f1_mean": 0.7693132537620377,
  "f1_std": 0.030633966569684586,
  "fold_acc": [
    0.8547486033519553,
    0.848314606741573,
    0.797752808988764,
    0.8258426966292135,
    0.8370786516853933
  ],
  "fold_roc": [
    0.9111330698287221,
    0.8955882352941177,
    0.8439171122994653,
    0.8677139037433156,
    0.8798032176572265
  ],
  "fold_prec": [
    0.8412698412698413,
    0.8360655737704918,
    0.7758620689655172,
    0.7936507936507936,
    0.8333333333333334
  ],
  "fold_rec": [
    0.7681159420289855,
    0.75,
    0.6617647058823529,
    0.7352941176470589,
    0.7246376811594203
  ],
  "fold_f1": [
    0.803030303030303,
    0.7906976744186046,
    0.7142857142857143,
    0.7633587786259542,
    0.7751937984496124
  ],
  "seed": 42,
  "timestamp": "2025-09-23 13:36:14"
}