{
  "schema_version": 1,
  "mode": "cv",
  "algo": "xgb",
  "n_splits": 5,
  "acc_mean": 0.8349758332810243,
  "acc_std": 0.026926222666362472,
  "roc_mean": 0.8784908815032704,
  "roc_std": 0.023658551731328747,
  "prec_mean": 0.8119695775725043,
  "prec_std": 0.04219447975087472,
  "rec_mean": 0.7425831202046036,
  "rec_std": 0.042718654075799736,
  "f1_mean": 0.7752606589956367,
  "f1_std": 0.03846795689333257,
  "fold_acc": [
    0.8715083798882681,
    0.848314606741573,
    0.7921348314606742,
    0.8202247191011236,
    0.8426966292134831
  ],
  "fold_roc": [
    0.9092885375494072,
    0.8989304812834223,
    0.8432486631016043,
    0.8649064171122995,
    0.8760803084696184
  ],
  "fold_prec": [
    0.8709677419354839,
    0.8253968253968254,
    0.7627118644067796,
    0.7647058823529411,
    0.8360655737704918
  ],
  "fold_rec": [
    0.782608695652174,
    0.7647058823529411,
    0.6617647058823529,
    0.7647058823529411,
    0.7391304347826086
  ],
  "fold_f1": [
    0.8244274809160306,
    0.7938931297709924,
    0.7086614173228346,
    0.7647058823529411,
    0.7846153846153846
  ],
  "seed": 42,
  "timestamp": "2025-09-20 18:08:33"
}