{
  "schema_version": 1,
  "mode": "cv",
  "algo": "xgb",
  "model_kwargs": {
    "n_estimators": 15
  },
  "n_splits": 5,
  "acc_mean": 0.8159437574540206,
  "acc_std": 0.013846462053873099,
  "roc_mean": 0.8698455785476245,
  "roc_std": 0.013240996086116204,
  "prec_mean": 0.8953057158744999,
  "prec_std": 0.0294129563009515,
  "rec_mean": 0.5907928388746803,
  "rec_std": 0.04396593094356924,
  "f1_mean": 0.7104592508940335,
  "f1_std": 0.029247679285646613,
  "fold_acc": [
    0.8100558659217877,
    0.8258426966292135,
    0.7921348314606742,
    0.8314606741573034,
    0.8202247191011236
  ],
  "fold_roc": [
    0.8920289855072463,
    0.8731951871657754,
    0.8624331550802139,
    0.8520053475935829,
    0.8695652173913043
  ],
  "fold_prec": [
    0.926829268292683,
    0.8936170212765957,
    0.8604651162790697,
    0.8653846153846154,
    0.9302325581395349
  ],
  "fold_rec": [
    0.5507246376811594,
    0.6176470588235294,
    0.5441176470588235,
    0.6617647058823529,
    0.5797101449275363
  ],
  "fold_f1": [
    0.6909090909090909,
    0.7304347826086957,
    0.6666666666666666,
    0.75,
    0.7142857142857143
  ],
  "seed": 42,
  "timestamp": "2025-09-23 13:54:24"
}