{
  "schema_version": 1,
  "mode": "cv",
  "algo": "xgb",
  "n_splits": 5,
  "acc_mean": 0.8361057058565061,
  "acc_std": 0.024125769198843513,
  "roc_mean": 0.8798602451460331,
  "roc_std": 0.02146726333987846,
  "prec_mean": 0.8100075884757905,
  "prec_std": 0.03313692722774051,
  "rec_mean": 0.74846547314578,
  "rec_std": 0.047154633924213145,
  "f1_mean": 0.7775062308793812,
  "f1_std": 0.03671615860512137,
  "fold_acc": [
    0.8659217877094972,
    0.8426966292134831,
    0.7921348314606742,
    0.8370786516853933,
    0.8426966292134831
  ],
  "fold_roc": [
    0.903227931488801,
    0.8971925133689839,
    0.8445855614973261,
    0.8671791443850267,
    0.887116074990028
  ],
  "fold_prec": [
    0.8571428571428571,
    0.7941176470588235,
    0.7627118644067796,
    0.8,
    0.8360655737704918
  ],
  "fold_rec": [
    0.782608695652174,
    0.7941176470588235,
    0.6617647058823529,
    0.7647058823529411,
    0.7391304347826086
  ],
  "fold_f1": [
    0.8181818181818182,
    0.7941176470588235,
    0.7086614173228346,
    0.7819548872180451,
    0.7846153846153846
  ],
  "seed": 42,
  "timestamp": "2025-09-22 17:00:27"
}