{
  "schema_version": 1,
  "mode": "cv",
  "algo": "xgb",
  "model_kwargs": {
    "n_estimators": 800
  },
  "n_splits": 5,
  "acc_mean": 0.8259933463059443,
  "acc_std": 0.0284129152716424,
  "roc_mean": 0.8782459167806079,
  "roc_std": 0.022828884395128462,
  "prec_mean": 0.7826872644263949,
  "prec_std": 0.04222182994495112,
  "rec_mean": 0.757161125319693,
  "rec_std": 0.041900392775179894,
  "f1_mean": 0.7694154180343615,
  "f1_std": 0.03936573462109086,
  "fold_acc": [
    0.8659217877094972,
    0.8258426966292135,
    0.7808988764044944,
    0.8146067415730337,
    0.8426966292134831
  ],
  "fold_roc": [
    0.9094202898550725,
    0.8947860962566845,
    0.8449866310160428,
    0.8623663101604279,
    0.8796702566148119
  ],
  "fold_prec": [
    0.8461538461538461,
    0.7681159420289855,
    0.7301587301587301,
    0.7536231884057971,
    0.8153846153846154
  ],
  "fold_rec": [
    0.7971014492753623,
    0.7794117647058824,
    0.6764705882352942,
    0.7647058823529411,
    0.7681159420289855
  ],
  "fold_f1": [
    0.8208955223880597,
    0.7737226277372263,
    0.7022900763358778,
    0.7591240875912408,
    0.7910447761194029
  ],
  "seed": 42,
  "timestamp": "2025-09-23 13:51:09"
}