{
  "schema_version": 1,
  "mode": "cv",
  "algo": "xgb",
  "model_kwargs": {
    "n_estimators": 50
  },
  "n_splits": 5,
  "acc_mean": 0.8316238779737619,
  "acc_std": 0.01650937871578328,
  "roc_mean": 0.8753399785413677,
  "roc_std": 0.018842039976627315,
  "prec_mean": 0.8527967732155168,
  "prec_std": 0.018550713907778283,
  "rec_mean": 0.6782608695652174,
  "rec_std": 0.04216171119876482,
  "f1_mean": 0.7549472518684833,
  "f1_std": 0.03019675952811318,
  "fold_acc": [
    0.8547486033519553,
    0.8370786516853933,
    0.8033707865168539,
    0.8314606741573034,
    0.8314606741573034
  ],
  "fold_roc": [
    0.9046113306982873,
    0.8849598930481284,
    0.8481951871657754,
    0.8663101604278076,
    0.8726233213668395
  ],
  "fold_prec": [
    0.8771929824561403,
    0.8545454545454545,
    0.8367346938775511,
    0.8275862068965517,
    0.8679245283018868
  ],
  "fold_rec": [
    0.7246376811594203,
    0.6911764705882353,
    0.6029411764705882,
    0.7058823529411765,
    0.6666666666666666
  ],
  "fold_f1": [
    0.7936507936507936,
    0.7642276422764228,
    0.7008547008547008,
    0.7619047619047619,
    0.7540983606557377
  ],
  "seed": 42,
  "timestamp": "2025-09-23 13:52:26"
}