{
  "schema_version": 1,
  "mode": "cv",
  "algo": "xgb",
  "model_kwargs": {
    "n_estimators": 10
  },
  "n_splits": 5,
  "acc_mean": 0.8080848659845584,
  "acc_std": 0.01750029066253056,
  "roc_mean": 0.8695965521139739,
  "roc_std": 0.014777074762662807,
  "prec_mean": 0.933519332729859,
  "prec_std": 0.013999534420550002,
  "rec_mean": 0.5381074168797955,
  "rec_std": 0.040933457450885766,
  "f1_mean": 0.6820062316081011,
  "f1_std": 0.034745449694274705,
  "fold_acc": [
    0.8044692737430168,
    0.797752808988764,
    0.797752808988764,
    0.8426966292134831,
    0.797752808988764
  ],
  "fold_roc": [
    0.89433465085639,
    0.8733957219251336,
    0.8572860962566844,
    0.8519385026737968,
    0.8710277888578646
  ],
  "fold_prec": [
    0.925,
    0.9210526315789473,
    0.9210526315789473,
    0.9545454545454546,
    0.9459459459459459
  ],
  "fold_rec": [
    0.5362318840579711,
    0.5147058823529411,
    0.5147058823529411,
    0.6176470588235294,
    0.5072463768115942
  ],
  "fold_f1": [
    0.6788990825688074,
    0.660377358490566,
    0.660377358490566,
    0.75,
    0.660377358490566
  ],
  "seed": 42,
  "timestamp": "2025-09-23 13:56:44"
}