{
  "schema_version": 1,
  "mode": "cv",
  "algo": "xgb",
  "model_kwargs": {
    "n_estimators": 2500
  },
  "n_splits": 5,
  "acc_mean": 0.80916452200113,
  "acc_std": 0.026576854357696137,
  "roc_mean": 0.8711298737865528,
  "roc_std": 0.023755931122611824,
  "prec_mean": 0.7484805351653178,
  "prec_std": 0.042753244625106136,
  "rec_mean": 0.7601023017902813,
  "rec_std": 0.043830709609534294,
  "f1_mean": 0.7533882120988568,
  "f1_std": 0.03546584606721576,
  "fold_acc": [
    0.8435754189944135,
    0.7921348314606742,
    0.7752808988764045,
    0.797752808988764,
    0.8370786516853933
  ],
  "fold_roc": [
    0.905467720685112,
    0.8872994652406417,
    0.8369652406417113,
    0.8566176470588236,
    0.8692992953064752
  ],
  "fold_prec": [
    0.7971014492753623,
    0.7012987012987013,
    0.71875,
    0.7222222222222222,
    0.803030303030303
  ],
  "fold_rec": [
    0.7971014492753623,
    0.7941176470588235,
    0.6764705882352942,
    0.7647058823529411,
    0.7681159420289855
  ],
  "fold_f1": [
    0.7971014492753623,
    0.7448275862068966,
    0.696969696969697,
    0.7428571428571429,
    0.7851851851851852
  ],
  "seed": 42,
  "timestamp": "2025-09-23 13:49:57"
}