{
  "schema_version": 1,
  "mode": "cv",
  "algo": "xgb",
  "model_kwargs": {
    "n_estimators": 25
  },
  "n_splits": 5,
  "acc_mean": 0.8215177954930638,
  "acc_std": 0.02014125198154005,
  "roc_mean": 0.8708124132998016,
  "roc_std": 0.018915890872558454,
  "prec_mean": 0.871865340713638,
  "prec_std": 0.037779112276995395,
  "rec_mean": 0.6286445012787724,
  "rec_std": 0.05296420034938986,
  "f1_mean": 0.7289235146690254,
  "f1_std": 0.03831923988173597,
  "fold_acc": [
    0.8491620111731844,
    0.8258426966292135,
    0.7865168539325843,
    0.8258426966292135,
    0.8202247191011236
  ],
  "fold_roc": [
    0.9021080368906456,
    0.8742647058823529,
    0.8487967914438503,
    0.8536764705882354,
    0.8752160616939237
  ],
  "fold_prec": [
    0.92,
    0.8627450980392157,
    0.8409090909090909,
    0.8245614035087719,
    0.9111111111111111
  ],
  "fold_rec": [
    0.6666666666666666,
    0.6470588235294118,
    0.5441176470588235,
    0.6911764705882353,
    0.5942028985507246
  ],
  "fold_f1": [
    0.773109243697479,
    0.7394957983193278,
    0.6607142857142857,
    0.752,
    0.7192982456140351
  ],
  "seed": 42,
  "timestamp": "2025-09-23 13:53:24"
}