{
  "mode": "feature_comparison",
  "algo": "xgb",
  "n_estimators": 15,
  "with_features": {
    "auc": 0.8698455785476245,
    "auc_std": 0.013240996086116204,
    "accuracy": 0.8159437574540206,
    "acc_std": 0.013846462053873099,
    "f1": 0.7104592508940335,
    "f1_std": 0.029247679285646613
  },
  "without_features": {
    "auc": 0.8704582694302655,
    "auc_std": 0.015881633450806967,
    "accuracy": 0.8125729709371665,
    "acc_std": 0.013055224891681072,
    "f1": 0.7096824087386702,
    "f1_std": 0.027273537201753628
  },
  "improvements": {
    "auc": -0.0006126908826410427,
    "accuracy": 0.003370786516854074,
    "f1": 0.0007768421553633331
  },
  "seed": 42,
  "timestamp": "2025-09-23 14:19:38"
}