{
  "mode": "feature_comparison",
  "algo": "xgb",
  "n_estimators": 15,
  "with_features": {
    "auc": 0.8723034985107653,
    "auc_std": 0.020229361598957444,
    "accuracy": 0.8148138848785388,
    "acc_std": 0.015080307299261093,
    "f1": 0.7076114811149894,
    "f1_std": 0.03546886392698574
  },
  "without_features": {
    "auc": 0.8704582694302655,
    "auc_std": 0.015881633450806967,
    "accuracy": 0.8125729709371665,
    "acc_std": 0.013055224891681072,
    "f1": 0.7096824087386702,
    "f1_std": 0.027273537201753628
  },
  "improvements": {
    "auc": 0.0018452290804997773,
    "accuracy": 0.002240913941372269,
    "f1": -0.002070927623680774
  },
  "seed": 42,
  "timestamp": "2025-09-23 14:27:50"
}